[
  {
    "Id": "0",
    "Name": "Mp4 Explorer 20090710",
    "DevelopmentStatus": "Stable",
    "Description": "New boxes support:\n\n* Mehd\n* Co64\n* Mdat\n* Pdin\n* Tref\n* Stco\n* Hmhd\n* Nmhd\n* Ctts\n* Stsc\n* Stts\n\nMisc:\n\n* Latest CMStream.Mp4 version.\n* Hex view for RAW data of Mdat box.\n* Added progress bar during movie loading process.\n* Added *.mov extension.\n* Bug fixes.\n\nVersion 20090601:\n\n* Moof\n* Mfra\n* Tfra\n* Mfro\n* Trak\n* Moov\n* Avcc (AVC Decoder Configuration Record).\n\nVersion 20090519:\n\n* Mdhd\n* Hdlr\n* Trex\n* Mfhd\n* Tfhd\n* Trun\n* Smhd\n* Vmhd\n* Url\n* Stsz\n\nVersion 20090519:\n\n* Elst\n* Tkhd\n* Mvhd\n* Ftyp",
    "ReleasedDatge": "0001-01-01T00:00:00",
    "ModifiedDate": "2009-07-09T23:06:44.113-07:00",
    "Files": [
      {
        "Id": "a0447544-8f27-427c-9c14-6776bc051322",
        "FileName": "Mp4Explorer-20090710-bin.zip",
        "Url": "./0/a0447544-8f27-427c-9c14-6776bc051322",
        "Type": "Application",
        "UploadDate": "2009-07-09T23:06:43.863-07:00"
      },
      {
        "Id": "fe32ee73-97f3-4cb2-8bd9-b70afdfac05b",
        "FileName": "Mp4Explorer-20090710-src.zip",
        "Url": "./0/fe32ee73-97f3-4cb2-8bd9-b70afdfac05b",
        "Type": "Source Code",
        "UploadDate": "2009-07-09T23:06:43.893-07:00"
      }
    ]
  },
  {
    "Id": "1",
    "Name": "Mp4 Explorer 20090601",
    "DevelopmentStatus": "Beta",
    "Description": "New boxes support:\n\n* Moof\n* Mfra\n* Tfra\n* Mfro\n* Trak\n* Moov\n* Avcc (AVC Decoder Configuration Record).\n\nMisc:\n\n* Latest CMStream.Mp4 version.\n* Refactoring for easy creation of new views.\n* H264 parameters are shown in Base64 format.\n* Bug fixes.\n\nVersion 20090519:\n\n* Mdhd\n* Hdlr\n* Trex\n* Mfhd\n* Tfhd\n* Trun\n* Smhd\n* Vmhd\n* Url\n* Stsz\n\nVersion 20090519:\n\n* Elst\n* Tkhd\n* Mvhd\n* Ftyp",
    "ReleasedDatge": "0001-01-01T00:00:00",
    "ModifiedDate": "2009-05-31T22:48:13.753-07:00",
    "Files": [
      {
        "Id": "6cc77331-bd12-424f-9abb-49f111f4e36b",
        "FileName": "Mp4Explorer-20090601-bin.zip",
        "Url": "./1/6cc77331-bd12-424f-9abb-49f111f4e36b",
        "Type": "Application",
        "UploadDate": "2009-05-31T22:48:13.58-07:00"
      },
      {
        "Id": "96f6c519-3cd3-4180-a948-ab6c50571e7f",
        "FileName": "Mp4Explorer-20090601-src.zip",
        "Url": "./1/96f6c519-3cd3-4180-a948-ab6c50571e7f",
        "Type": "Source Code",
        "UploadDate": "2009-05-31T22:48:13.597-07:00"
      }
    ]
  },
  {
    "Id": "2",
    "Name": "Mp4 Explorer 20090519",
    "DevelopmentStatus": "Beta",
    "Description": "New boxes support:\n\n* Mdhd\n* Hdlr\n* Trex\n* Mfhd\n* Tfhd\n* Trun\n* Smhd\n* Vmhd\n* Url\n* Stsz\n\nMisc:\n\n* Latest CMStream.Mp4 version.\n* Bug fixes.",
    "ReleasedDatge": "0001-01-01T00:00:00",
    "ModifiedDate": "2009-05-18T21:57:04.457-07:00",
    "Files": [
      {
        "Id": "6f3337fd-0511-4535-9f4c-16aa20d2b994",
        "FileName": "Mp4Explorer-20090519-bin.zip",
        "Url": "./2/6f3337fd-0511-4535-9f4c-16aa20d2b994",
        "Type": "Application",
        "UploadDate": "2009-05-18T21:56:11.437-07:00"
      },
      {
        "Id": "feba960d-7884-4665-88c2-a7d03b104a6c",
        "FileName": "Mp4Explorer-20090519-src.zip",
        "Url": "./2/feba960d-7884-4665-88c2-a7d03b104a6c",
        "Type": "Source Code",
        "UploadDate": "2009-05-18T21:56:11.59-07:00"
      }
    ]
  },
  {
    "Id": "3",
    "Name": "Mp4 Explorer 20090516",
    "DevelopmentStatus": "Beta",
    "Description": "New boxes support:\n\n* Elst\n* Tkhd\n* Mvhd\n* Ftyp\n\nMisc:\n\n* Latest CMStream.Mp4 version.\n* Documentation for libraries.",
    "ReleasedDatge": "0001-01-01T00:00:00",
    "ModifiedDate": "2009-05-16T08:48:50.283-07:00",
    "Files": [
      {
        "Id": "cb9a9c29-69c3-46a6-96a5-45d06f3bd82a",
        "FileName": "Mp4Explorer-20090516-bin.zip",
        "Url": "./3/cb9a9c29-69c3-46a6-96a5-45d06f3bd82a",
        "Type": "Application",
        "UploadDate": "2009-05-16T08:44:06.75-07:00"
      },
      {
        "Id": "946a907a-ddc9-453a-805b-7b859763c012",
        "FileName": "Mp4Explorer-20090516-src.zip",
        "Url": "./3/946a907a-ddc9-453a-805b-7b859763c012",
        "Type": "Source Code",
        "UploadDate": "2009-05-16T08:44:06.89-07:00"
      }
    ]
  },
  {
    "Id": "4",
    "Name": "Mp4 Explorer 20090515",
    "DevelopmentStatus": "Beta",
    "Description": "Initial release.",
    "ReleasedDatge": "0001-01-01T00:00:00",
    "ModifiedDate": "2009-05-14T21:42:58.963-07:00",
    "Files": [
      {
        "Id": "29689790-8c96-4510-8192-41abca13fb6c",
        "FileName": "Mp4Explorer-20090515-bin.zip",
        "Url": "./4/29689790-8c96-4510-8192-41abca13fb6c",
        "Type": "Application",
        "UploadDate": "2009-05-14T21:36:04.263-07:00"
      },
      {
        "Id": "691412c6-91d7-4bff-924f-47f87055002c",
        "FileName": "Mp4Explorer-20090515-src.zip",
        "Url": "./4/691412c6-91d7-4bff-924f-47f87055002c",
        "Type": "Source Code",
        "UploadDate": "2009-05-14T21:36:04.407-07:00"
      }
    ]
  },
  {
    "Id": "5",
    "Name": "Mp4 Explorer 20090802",
    "DevelopmentStatus": "Stable",
    "Description": "New boxes support:\n\n* Stss.\n* Sdtp.\n\nMisc:\n\n* Latest CMStream.Mp4 version.\n* Bug fixes.\n\nVersion 20090710:\n\n* Mehd\n* Co64\n* Mdat\n* Pdin\n* Tref\n* Stco\n* Hmhd\n* Nmhd\n* Ctts\n* Stsc\n* Stts\n\nVersion 20090601:\n\n* Moof\n* Mfra\n* Tfra\n* Mfro\n* Trak\n* Moov\n* Avcc (AVC Decoder Configuration Record).\n\nVersion 20090519:\n\n* Mdhd\n* Hdlr\n* Trex\n* Mfhd\n* Tfhd\n* Trun\n* Smhd\n* Vmhd\n* Url\n* Stsz\n\nVersion 20090519:\n\n* Elst\n* Tkhd\n* Mvhd\n* Ftyp",
    "ReleasedDatge": "0001-01-01T00:00:00",
    "ModifiedDate": "2009-08-01T21:14:51.12-07:00",
    "Files": [
      {
        "Id": "80be921e-65a7-424e-aca4-c88b6e8aaf32",
        "FileName": "Mp4Explorer-20090802-bin.zip",
        "Url": "./5/80be921e-65a7-424e-aca4-c88b6e8aaf32",
        "Type": "Application",
        "UploadDate": "2009-08-01T21:14:50.98-07:00"
      },
      {
        "Id": "b98f1c2d-e188-4315-bb30-6187329c64df",
        "FileName": "Mp4Explorer-20090802-src.zip",
        "Url": "./5/b98f1c2d-e188-4315-bb30-6187329c64df",
        "Type": "Source Code",
        "UploadDate": "2009-08-01T21:14:50.997-07:00"
      }
    ]
  }
]